{
	"credit": "Created by Stridey",
	"parent": "block/block",
	"textures": {
		"particle": "#texture",
		"texture": "block/sweet_berry_bush_stage1"
	},
	"elements": [
		{
			"from": [0, -1, 3],
			"to": [16, 15, 3],
			"shade": false,
			"rotation": {"angle": 0, "axis": "y", "origin": [3, 1, 3]},
			"faces": {
				"north": {"uv": [0, 0, 16, 16], "texture": "#texture"},
				"south": {"uv": [0, 0, 16, 16], "texture": "#texture"}
			}
		},
		{
			"from": [0, -1, 13],
			"to": [16, 15, 13],
			"shade": false,
			"rotation": {"angle": 0, "axis": "y", "origin": [3, 1, 13]},
			"faces": {
				"north": {"uv": [0, 0, 16, 16], "texture": "#texture"},
				"south": {"uv": [0, 0, 16, 16], "texture": "#texture"}
			}
		},
		{
			"from": [13, -1, 0],
			"to": [13, 15, 16],
			"shade": false,
			"rotation": {"angle": 0, "axis": "y", "origin": [8, 7, 8]},
			"faces": {
				"east": {"uv": [0, 0, 16, 16], "texture": "#texture"},
				"west": {"uv": [0, 0, 16, 16], "texture": "#texture"}
			}
		},
		{
			"from": [3, -1, 0],
			"to": [3, 15, 16],
			"shade": false,
			"rotation": {"angle": 0, "axis": "y", "origin": [8, 7, 8]},
			"faces": {
				"east": {"uv": [0, 0, 16, 16], "texture": "#texture"},
				"west": {"uv": [0, 0, 16, 16], "texture": "#texture"}
			}
		},
		{
			"from": [0, 12, 0],
			"to": [16, 12, 16],
			"shade": false,
			"rotation": {"angle": 0, "axis": "y", "origin": [0, 12, 0]},
			"faces": {
				"up": {"uv": [0, 0, 16, 16], "rotation": 180, "texture": "#texture"},
				"down": {"uv": [0, 0, 16, 16], "rotation": 180, "texture": "#texture"}
			}
		},
		{
			"from": [0, 2, 0],
			"to": [16, 2, 16],
			"shade": false,
			"rotation": {"angle": 0, "axis": "y", "origin": [0, 2.75, 0]},
			"faces": {
				"up": {"uv": [0, 0, 16, 16], "rotation": 180, "texture": "#texture"},
				"down": {"uv": [0, 0, 16, 16], "rotation": 180, "texture": "#texture"}
			}
		},
		{
			"from": [5, 0, 5],
			"to": [11, 3, 11],
			"shade": false,
			"rotation": {"angle": 0, "axis": "y", "origin": [5, 0, 5]},
			"faces": {
				"north": {"uv": [5, 10, 11, 13], "texture": "#texture"},
				"east": {"uv": [5, 10, 11, 13], "texture": "#texture"},
				"south": {"uv": [5, 10, 11, 13], "texture": "#texture"},
				"west": {"uv": [5, 10, 11, 13], "texture": "#texture"},
				"down": {"uv": [5, 7, 11, 13], "texture": "#texture", "cullface": "down"}
			}
		}
	]
}